2.9174,14.185
2.6411,6.7105
10.526,11.447
3.7827,2.3951
5.7817,1.1866
9.6353,0.84575
5.1319,7.2141
1.1793,6.947
3.9076,1.6807
9.6311,-2.8447
2.1849,-0.44689
9.5647,5.0788
4.3675,7.9563
1.1261,11.96
1.4292,7.7566
8.6378,7.9904
6.3294,4.2689
6.083,2.1559
-0.92932,-2.8018
9.7776,6.5105
4.4754,-0.28547
6.6642,-5.5408
10.37,9.8122
0.34456,4.6798
6.7142,6.6114
-0.31725,0.40253
-2.6917,4.1424
10.16,5.51
5.3063,13.955
6.7245,7.6493
0.97934,2.1506
6.416,3.8137
1.846,0.52029
6.9353,9.3487
1.5452,3.4238
6.4996,10.342
15.889,3.828
8.3287,4.5688
3.1238,0.64667
4.0597,1.7595
-1.0688,9.4279
5.4374,9.0944
9.231,4.6994
9.6273,9.6794
2.4578,6.056
6.4703,-0.4559
6.2255,1.2895
5.2243,1.8884
2.1781,3.544
2.1037,5.8104
5.0174,5.7332
3.325,2.3918
3.2888,6.254
7.1281,0.87136
7.8576,6.26
4.7777,-2.4964
6.2423,4.3739
9.9927,8.6414
2.6631,5.5782
6.4825,10.568
7.0033,3.9724
4.0221,5.7747
4.059,3.2022
4.9216,3.9203
1.9778,7.7601
10.891,6.5477
5.0206,-1.1116
1.9424,4.6365
3.7086,7.0396
10.831,3.0262
-2.1395,0.9377
7.0869,5.8693
8.406,7.8132
7.9812,8.9724
-0.49107,14.917
12.168,9.4426
3.7802,6.9261
6.1595,7.279
2.5232,8.2757
4.8054,7.4343
-0.48702,3.9064
3.5389,-1.9758
1.7856,5.0748
3.9068,-0.93339
6.3604,4.2702
5.2403,2.9629
8.8063,4.3105
5.4293,11.386
-5.9075,9.7817
3.0306,12.884
9.4714,3.3402
9.199,-2.1848
12.938,10.187
2.0325,6.912
10.359,5.726
5.6823,-0.10117
7.8279,5.3126
6.2669,1.4923
6.7283,4.2345
5.9076,2.0035
3.2404,2.8753
-4.5111,11.548
0.043654,12.94
-1.1838,2.8546
3.0842,2.8928
-4.8555,7.7925
6.3966,8.2087
8.8852,-1.32
-0.96564,1.8807
4.5191,0.42609
2.9605,6.8519
3.1022,10.142
8.2035,3.4968
4.0987,7.4312
2.7097,2.0336
0.59523,3.205
5.4197,10.113
6.172,5.7978
5.4252,7.2263
6.4128,8.5217
7.9292,0.74456
9.112,8.3707
2.6429,1.9743
5.3514,8.9258
6.8278,8.5716
5.2127,10.391
6.3724,6.7529
0.90982,8.0709
7.4966,3.2664
3.0634,-0.90469
4.2824,2.9599
12.793,7.7577
4.6709,3.1694
6.218,5.4931
-4.8932,9.2954
8.5506,11.292
11.416,4.6915
0.37681,1.6723
4.1058,2.1635
2.0319,12.536
-3.0255,-2.3923
-0.43342,5.8323
4.8237,3.7066
5.0842,4.6412
7.7643,-2.1108
3.6304,-0.86482
3.6675,11.334
11.219,-2.019
2.0822,11.064
1.7666,3.7476
7.0225,4.0285
7.235,3.5288
4.8648,1.3075
5.0724,7.8074
2.2744,3.6383
9.8968,6.5282
5.8302,8.8434
8.0107,6.3629
9.4866,4.8753
7.8397,10.202
-3.2915,0.2928
9.314,1.0944
2.8455,4.2654
5.3919,-2.3859
5.6813,7.3708
-1.8479,2.6697
11.076,3.6354
6.2374,2.709
7.7964,12.95
4.4419,2.5673
7.0874,4.9356
4.867,3.0033
3.9154,5.6505
9.2556,5.1852
4.7376,7.9526
0.62814,0.23993
7.2728,3.6134
1.9119,-2.2647
2.541,6.0569
2.7981,8.7508
9.4631,6.6339
5.5651,1.6512
0.55971,7.0539
3.6981,2.8788
7.3753,4.3569
4.2856,6.9453
3.0548,-1.5177
-3.5705,1.4374
0.21835,3.2147
4.9466,6.0614
-2.2349,4.0974
3.0861,4.3676
2.9457,3.0682
2.2572,12.322
1.2339,6.2817
8.3733,1.1188
-1.7703,6.673
7.9027,-3.5422
3.81,8.6416
3.914,-3.6355
7.5242,7.3894
6.9671,-1.7141
17.49,4.1263
-0.59521,-0.25272
8.1546,5.9104
9.3815,2.3092
7.7362,3.2209
5.8262,11.909
7.4926,0.95598
-6.1274,8.3957
8.1648,1.933
6.5009,3.3977
8.7523,10.08
3.6651,6.9129
5.2552,6.7711
4.6783,9.6169
-0.89131,2.6476
11.498,4.3335
-3.1993,6.5853
5.1735,5.9021
2.0039,8.6681
7.9645,-2.0386
5.2974,1.3697
-3.6875,-0.045158
10.508,-1.1869
1.9839,7.3522
-0.77439,3.2292
1.9091,0.77479
7.4164,4.2005
3.5887,-1.9544
-6.143,0.10681
10.786,6.2496
3.6517,-1.9206
8.9641,11.015
9.3367,-0.2595
6.8457,4.7797
5.3858,2.1006
10.717,4.3203
-0.74051,6.6478
2.3692,9.8935
-0.14586,9.8611
3.114,3.295
-0.93987,4.2819
10.289,5.9775
5.6831,11.638
7.1461,8.5979
7.4053,-1.5556
11.743,2.0659
2.3659,0.49878
-0.55597,1.2386
0.53358,7.8656
7.196,3.1222
5.6917,11.4
6.1186,7.1034
5.8939,6.2848
3.809,13.381
-1.8819,3.4395
5.795,6.4753
11.417,7.449
0.26172,2.4272
9.0429,5.747
10.51,-0.67135
1.6366,9.1343
4.8936,12.593
6.0489,6.232
9.3979,-3.7534
9.3814,12.526
5.5141,-0.12018
5.5442,-0.077457
2.8281,1.554
5.7593,3.9238
-2.0726,-0.55401
7.1043,17.196
14.216,1.2725
9.5038,8.5382
-0.96438,7.7389
10.197,1.6136
-1.6565,1.3196
10.073,11.728
5.2225,7.9
-0.9666,0.59514
0.60532,3.88
5.8002,4.5487
8.8444,7.551
1.909,8.9079
0.49447,9.0117
2.3334,8.9003
7.9537,6.1909
8.5775,11.73
5.3128,1.6347
10.803,13.327
4.5214,7.7166
7.5036,10.834
1.2145,4.1149
6.1248,1.9049
5.9374,7.1544
3.1728,6.9064
3.5617,6.9602
7.6452,5.8233
8.6223,7.7209
0.31819,7
2.8433,1.9215
10.506,-0.46742
7.423,6.8341
13.113,5.6894
3.5911,6.9821
4.2938,-0.93548
4.1831,2.4133
4.3639,5.7995
9.6101,10.379
9.1438,0.20883
21.362,5.5244
10.383,5.8773
-3.4742,6.1425
2.3435,1.7575
6.0816,1.7331
2.1682,2.8061
3.6908,5.2748
4.6382,6.9465
3.2182,13.273
-2.2465,-1.3938
5.0955,8.9647
1.0662,9.1731
6.2031,4.5968
-5.0405,1.209
5.575,3.6136
4.3032,3.6549
6.456,7.3127
2.8683,5.9765
0.63006,7.8651
4.3463,4.6801
5.9088,7.3432
1.4268,4.6098
0.62011,12.17
3.2332,2.1805
-1.8134,7.9318
-2.3168,14.022
-2.5436,2.6748
6.2819,5.2824
5.6914,8.0768
5.2365,5.3615
17.916,8.8161
6.8025,6.1846
7.5433,10.468
4.2387,4.135
-1.4915,-1.913
10.237,8.1573
9.6601,3.5592
6.808,5.1885
-3.149,7.5245
7.7472,-2.7587
6.346,3.5629
13.532,7.3499
5.2536,-4.1226
2.2332,0.53253
1.2467,1.7341
3.7844,3.0587
3.2486,7.6601
9.3109,-0.31325
14.051,4.4954
0.094727,7.5317
4.2397,6.8799
4.1484,5.2541
-2.1481,7.225
5.7017,11.302
2.982,5.5025
2.5551,11.502
9.7274,12.199
7.6379,3.0745
2.0911,3.4299
8.4703,7.4296
3.5216,1.9937
2.5232,-1.6215
4.9372,6.0869
0.93935,6.7417
3.3794,5.7888
2.9329,1.152
3.8683,3.4312
4.5166,9.1213
12.895,5.7199
8.0863,4.2269
3.0361,2.7038
8.7642,3.5473
8.2941,5.119
8.8148,6.2164
5.1983,2.1916
-0.37237,1.0169
7.4822,5.1753
6.458,5.6522
1.0114,5.1367
12.489,2.537
3.6141,-1.64
8.3391,4.3131
0.93543,8.463
10.629,12.243
3.9209,7.0668
2.8765,6.3443
8.4031,6.8512
4.0631,5.4321
11.812,1.7501
12.341,2.5618
5.4853,0.40855
14.921,4.4171
2.6092,5.7361
1.6514,8.3622
-0.10473,3.3656
0.03613,1.1654
6.6866,6.3073
3.3509,-0.7455
8.0431,0.82811
6.2229,-1.421
2.4697,5.2361
3.2196,6.3084
1.5742,0.96557
5.8395,4.0657
4.0445,7.5917
8.3091,5.9307
-7.1139,3.8876
12.317,5.2527
0.50362,4.3176
8.3134,-0.13125
-2.4291,7.0276
7.6412,8.104
0.17043,6.0121
14.363,6.4059
5.1454,6.5808
5.3989,6.3697
1.821,3.182
3.4715,6.6016
5.1329,6.9811
5.0952,10.508
4.3064,-1.763
-0.33416,-1.1277
0.31871,7.6224
6.7283,9.5312
6.7122,6.2648
1.6268,0.21012
11.918,2.7106
5.097,9.0547
10.854,9.9289
2.212,7.8308
11.409,-0.88791
6.0306,6.8103
7.6168,-2.7726
-0.10299,5.9048
5.3381,4.519
12.522,8.0342
5.0959,4.4885
5.3272,0.85689
8.765,3.7971
7.8192,4.5094
4.6504,-0.98729
6.1972,6.2316
7.9588,1.4715
5.0247,9.4585
0.91787,6.9452
9.5573,3.0019
5.9106,0.54063
5.277,-1.7283
9.5488,8.5775
-2.1438,10.267
9.8373,6.0671
5.683,2.6404
7.0208,6.9052
8.8185,5.2151
-1.3751,6.0935
12.709,11.903
4.4616,4.1874
-4.0878,5.4692
-1.5661,0.30202
10.091,2.1113
5.7204,9.1108
4.7843,2.8022
6.2452,-2.3805
1.0959,7.2507
6.4601,7.3056
2.9594,7.0726
6.0462,8.3091
11.402,2.3256
7.5258,6.4314
10.616,3.9898
9.713,6.7513
5.4012,1.4981
4.3173,6.0676
7.8437,4.1714
0.32836,12.768
4.4805,4.5285
7.1665,6.6849
7.2271,6.8394
2.5661,2.993
5.9114,9.7364
5.0303,6.6311
0.37348,9.1118
1.3324,2.2902
3.2651,1.7646
9.2731,7.17
7.9,7.7393
10.297,7.4666
8.5221,8.9242
6.3445,5.2915
5.1268,4.5668
5.8234,0.80576
10.228,5.3697
6.0744,7.2587
9.0963,10.016
4.8649,2.0893
-3.3632,6.9285
3.7358,7.9736
5.5317,9.3877
2.3399,4.4703
4.813,0.67682
-1.017,3.3257
2.3067,1.8368
1.7984,4.9296
4.0872,-1.5627
6.8406,2.3615
7.2657,2.6352
9.1866,8.075
9.0342,8.9166
3.2575,7.0965
11.139,2.3706
5.3734,2.6701
1.0466,-1.853
1.2279,10.294
1.1759,-2.3771
-0.14584,8.3171
10.184,0.42574
3.9488,5.2119
9.05,4.0738
2.946,8.1504
10.715,10.593
6.389,3.9791
1.222,10.319
8.1915,-0.72287
7.4154,-0.38815
-1.2377,7.6016
-0.58282,7.1781
5.5548,5.608
2.1914,-1.5788
2.918,8.0918
8.0565,9.8836
6.1941,5.6109
9.2109,4.3168
6.1831,0.83459
10.835,4.1498
3.5912,9.1461
5.5651,5.349
4.7448,4.9581
5.5311,7.2564
0.63336,1.933
7.7818,3.4437
2.4449,0.017687
0.95349,-1.3615
15.252,3.5767
0.85396,8.5005
-4.1847,3.3374
3.8333,8.5597
1.4863,1.637
12.234,4.5677
7.0328,2.0322
6.1038,6.8082
3.381,7.2727
4.7667,2.8329
-2.2373,1.5718
2.3696,-6.565
9.4033,-0.90163
0.19892,8.4671
1.8901,13.059
7.045,6.6442
6.2718,5.1509
8.1346,7.1407
8.7217,-1.6327
3.6824,9.228
14.492,5.7318
4.4526,1.6416
8.5442,5.0156
4.4602,5.2595
6.0375,5.4051
-0.8134,8.8176
6.4881,5.4986
3.8165,5.4725
-0.90816,10.784
6.1149,-4.083
-4.2643,6.5758
6.5382,-0.74188
9.0676,5.8998
2.5277,11.255
6.7141,-1.7897
6.2708,5.4439
2.3316,1.9062
5.3451,8.3281
0.259,6.2646
7.7487,0.17934
8.906,7.449
4.8832,8.201
2.8837,1.2009
12.95,2.6536
-1.912,10.601
10.748,3.6004
8.5554,8.5728
9.5075,10.988
10.238,8.7495
-5.0458,10.616
6.8817,3.2057
5.155,8.569
5.1531,11.079
2.1015,9.6369
-1.4893,12.258
1.1342,-1.8056
6.4898,8.2068
5.2387,5.7547
7.3567,5.9598
8.127,9.6546
0.55579,5.0452
4.9401,7.493
7.0193,1.4741
1.6958,5.7132
10.844,7.294
8.5138,5.1642
3.4856,3.1968
5.3686,8.9797
7.4834,11.336
2.3821,6.8671
-2.5441,0.25808
6.7181,5.1075
5.2824,4.5974
0.15801,-5.1371
10.458,3.8557
7.0966,7.5272
4.7967,7.8253
7.2786,-3.0756
5.3952,3.9093
2.5583,8.2772
-1.8541,2.4679
3.2856,7.7369
6.3889,0.85544
1.0602,8.7938
0.92974,10.637
10.413,8.2547
7.7274,4.2872
7.8884,4.8191
-3.5942,2.4417
2.7962,3.2468
9.8533,7.4924
6.3567,5.329
-3.1783,5.6026
8.5505,8.4646
5.3573,7.3279
9.2103,5.9189
-1.9859,8.945
8.6232,5.264
3.2923,-0.15684
6.7722,4.6334
-2.985,12.5
7.1205,4.0827
-4.5473,0.29328
6.2741,5.7715
5.0227,3.2144
5.2548,8.3744
8.4441,9.8111
3.3916,4.6481
3.3599,8.9576
5.7801,3.6516
10.577,2.9763
3.129,-0.78716
2.15,3.18
-0.77908,10.655
11.39,6.1202
7.867,2.3889
6.6759,2.5773
10.759,3.0973
5.9076,8.4858
2.2602,5.0534
3.5122,5.7508
7.67,5.6624
12.856,4.5526
7.8292,-1.5688
3.9551,10.459
4.9742,-1.3427
6.6936,-5.5219
3.8389,3.2098
-1.1871,7.8988
2.0276,4.8732
2.1957,3.9467
0.68936,4.381
2.894,6.5582
5.2275,6.5882
1.1182,8.127
3.8053,1.9736
8.4932,1.2128
7.0051,8.3014
6.7862,3.7521
4.3769,2.195
7.002,0.40132
2.1695,0.85404
4.4962,3.4799
-4.1159,7.2737
6.2718,0.61174
-3.0237,11.099
1.9865,10.957
10.238,9.9835
11.686,5.4182
11.252,3.296
0.63667,9.2037
1.9461,5.0879
4.4479,6.1282
5.1683,9.2646
4.61,-2.1052
8.106,9.6349
5.0455,2.9574
9.1467,-1.8828
6.5008,3.9231
6.0848,1.314
3.1133,1.5
6.8235,1.1656
8.579,7.462
10.442,2.0197
7.2853,2.7121
-1.2328,5.578
12.402,-0.48636
2.7772,8.5531
7.8202,-5.5841
-6.3624,3.4455
14.854,2.5918
0.33464,7.8422
2.1849,6.6275
3.6493,7.3801
6.2243,2.9814
0.76375,12.422
8.9612,3.1
-3.1047,5.0138
4.8887,2.2202
5.4229,10.101
3.7655,1.1792
-2.2784,-0.72367
6.3061,3.7511
1.1778,13.229
7.6254,3.9319
4.0505,1.9933
8.2556,5.0429
7.8657,5.9023
6.0388,3.8256
5.9737,6.9304
4.0213,-1.1663
7.7927,-0.73072
1.404,-9.2232
4.4265,5.3232
4.5332,10.772
3.2896,5.9525
3.3532,5.4909
2.7755,8.3813
7.1561,3.634
10.826,2.5695
9.4363,6.0824
-0.25237,7.9029
5.5263,9.2408
6.5768,0.54351
1.5574,4.0411
4.3638,-2.5272
7.7084,4.2264
1.1275,1.9522
4.8738,6.7092
8.6716,6.8107
4.605,8.8996
9.2388,10.348
6.857,10.917
2.3071,-2.987
10.905,5.145
5.7588,-0.12268
-0.5336,7.9398
1.8605,2.5726
0.93409,2.4373
-4.2671,2.7079
4.5545,1.338
5.8959,3.5278
6.9738,9.3516
6.872,8.0372
6.8052,5.4199
1.9273,3.9617
0.57563,-7.4455
6.3144,2.4906
2.3843,6.4078
5.4969,6.6467
2.6833,6.2065
4.0496,0.72343
9.2604,4.6158
2.559,2.0993
-5.143,9.8089
3.449,10.571
5.7181,8.5454
9.465,4.4589
3.7043,7.5622
4.9465,1.466
7.0948,10.606
7.4669,8.0905
9.3786,3.4567
1.4614,7.5275
7.196,4.7161
2.6786,7.4193
5.4192,2.2141
10.215,5.9799
2.9785,2.2738
11.133,-0.35194
4.8334,2.2562
2.6904,3.0543
7.7399,8.0341
0.99068,0.71567
3.1826,7.506
3.6157,1.327
1.509,9.226
7.5248,5.3455
8.9041,4.4216
2.3664,0.18792
8.1327,0.43228
0.89599,4.1165
7.2237,10.083
1.5717,5.2333
1.5508,0.95377
9.1674,8.5633
3.3677,4.582
0.3103,8.4756
5.19,2.779
1.0128,5.7579
-2.3753,-0.62436
3.7068,1.6915
-1.9627,7.7865
4.3647,7.1322
-4.5809,9.7901
1.9253,7.0246
3.589,5.7188
3.6445,7.9183
5.3279,8.194
0.17664,9.519
5.5634,11.329
5.6942,8.0254
2.1633,4.3832
19.322,-0.30991
9.7445,2.35
8.7005,1.7165
5.0556,2.7468
-2.4543,10.86
1.5659,1.3265
2.596,7.6741
6.0104,-0.9373
1.7686,3.7935
5.882,4.6668
8.2278,2.7499
3.7154,9.0537
-0.091177,3.668
5.6019,9.9543
6.5013,2.3346
-0.68133,0.24991
9.8087,7.4281
4.8364,12.578
2.2123,10.353
3.1628,9.3014
8.6791,7.5957
5.002,11.736
4.4905,10.494
2.3333,3.7393
6.2118,5.574
0.86602,1.4675
5.8149,4.3882
18.635,8.1697
4.7099,6.6318
2.5099,0.93639
8.2184,10.01
2.0928,9.0194
2.5143,9.7013
4.0131,6.2663
4.4818,8.8859
5.8779,7.0519
6.9946,7.2035
5.4082,4.7495
1.3769,3.5256
3.6623,-0.46194
3.8572,4.5104
3.796,2.4068
10.528,2.079
14.528,3.5635
2.5692,6.6555
5.2913,-0.48156
6.7308,5.7252
10.355,3.718
5.7535,-1.922
4.41,-4.7808
6.7762,8.5769
-0.33039,3.2438
5.9822,7.6488
3.3291,6.1034
-1.7896,2.7945
2.5409,8.2822
3.8197,8.2746
4.5959,5.6392
2.5069,8.9745
7.7016,6.5212
5.6421,7.9595
-0.072371,0.37371
-0.42656,9.2993
8.3424,-1.969
7.5455,3.0447
1.8076,7.446
1.0073,3.1602
3.9782,6.8636
4.4957,7.2666
5.2559,2.466
11.003,8.1292
10.719,6.0659
2.0843,5.173
8.0828,8.7162
8.6154,4.2776
8.4905,0.94097
7.5218,7.4328
6.8184,7.9498
3.634,1.8362
2.4023,10.822
6.123,0.52253
7.5431,1.5491
7.6409,7.1454
-0.9666,-3.6675
3.205,-0.31256
6.8611,3.4588
4.9811,9.7108
3.5482,10.551
4.07,1.6736
1.4343,2.3047
9.2843,6.5202
4.0009,8.8573
0.62638,15.278
5.619,6.3488
1.1125,8.2314
5.8484,3.295
4.1972,1.0449
8.5094,5.5293
-0.49009,6.0575
4.5309,1.7811
5.9691,9.6934
1.8649,10.68
4.9765,6.6111
7.1864,10.518
0.40254,2.8724
7.05,-0.37216
10.435,-0.15637
5.1439,6.6269
-2.2197,3.6162
3.5016,6.7837
11.694,9.3226
2.0134,7.1649
9.1107,7.4195
3.5764,-1.7881
1.7881,2.8992
5.2195,4.1043
3.6761,11.181
8.1777,5.7554
3.6947,-1.2938
-0.69813,11.575
3.3264,6.9811
0.22963,5.063
11.246,3.0673
7.7308,9.8435
7.2268,1.6227
9.2337,13.767
5.2077,4.2727
3.5046,1.1143
-3.411,-0.41238
10.443,3.748
3.356,5.1939
6.7571,3.4745
4.81,2.1522
6.8157,7.2704
4.1135,1.9079
2.2829,6.1051
7.7384,3.9377
10.713,7.5382
-0.034424,-1.2354
11.785,8.8401
12.551,0.87828
7.9818,1.5952
8.9084,9.0503
1.412,11.901
7.9494,3.3157
6.5755,5.8468
10.235,0.20913
9.4304,-1.4419
4.9212,9.6974
7.3445,7.9966
7.8994,4.8617
1.5365,2.9297
8.1604,0.031067
4.4132,2.7717
5.2737,10.98
8.7289,4.0407
6.9799,7.2783
10.113,5.3777
2.52,-0.34262
2.8803,-1.8449
3.5994,9.2033
4.2353,5.8908
5.6552,16.389
2.1722,4.4009
0.95331,-2.4746
-0.55927,-6.7033
-2.9439,-2.0993
-3.4494,-2.7445
-4.0182,-7.3567
2.0374,-0.50538
-2.6746,-2.543
-3.9075,-5.1336
-1.5245,-7.2788
-3.0308,-5.0399
-1.3404,-1.0727
-6.6036,-8.368
-4.588,-8.7751
-0.81739,-4.9534
-3.3188,-4.6748
-2.9342,-3.617
4.5454,-4.298
2.8467,-9.0597
-1.6701,0.48956
-4.6123,-3.7841
-3.8266,-4.8033
5.6424,-4.4359
-1.3927,-4.3201
-0.19561,-3.4104
-0.91276,-4.2036
2.391,-7.3592
-3.3093,-8.4324
-3.2195,-10.505
-6.3651,-8.9668
-5.5822,-8.1428
-0.19159,-1.2584
-1.2633,-3.1448
1.3084,-3.986
-2.5392,-1.9235
0.36953,-3.3756
1.2479,-7.2182
4.7801,-9.3998
-1.2591,-4.1094
-1.5523,-1.1945
-0.73531,-11.014
-0.77738,-9.0629
-1.5127,-11.171
4.6251,-8.5405
2.7159,-9.3056
-2.5566,-0.99015
1.4828,-8.1303
2.732,-8.912
-3.8,-3.9323
-4.2176,-2.57
-2.0362,-9.7838
-0.30986,-8.1956
-0.64147,-7.9696
-1.3112,-7.2095
-0.41093,-6.3399
-3.8608,-6.6005
-3.6378,-6.2597
0.040608,-5.3802
-1.5954,-5.785
-2.2471,-5.961
-6.139,-3.6708
-0.37019,-7.6387
0.14124,-5.3776
-5.1781,-5.7626
-1.6031,-11.593
-1.0781,-5.0943
1.4325,-7.9056
-3.2215,-5.5208
-2.9216,-7.5517
-3.4457,-2.8252
-6.3416,-8.782
-0.80621,-9.0369
-0.062634,-7.8128
-3.411,-7.3004
-3.8628,-4.3636
-4.5398,-6.8011
-1.5934,-11.717
2.1969,-2.4429
-9.4844,-7.061
-7.801,-5.9692
2.1161,-7.5162
-3.1554,-4.8254
-1.1923,-6.8273
2.5347,-8.2179
3.5698,-7.6092
-0.90922,1.2273
0.97232,-6.3001
-0.43395,-7.3002
0.41988,-7.8916
-2.1091,-4.7143
-5.5195,-6.9944
0.70603,-4.1718
0.87636,-5.1035
-2.2082,-6.5128
-2.7066,-8.7576
-5.3627,-3.4131
-2.6105,-3.7883
-2.7953,-6.8848
-2.1309,-9.4451
3.9456,-0.81745
0.060369,-2.0453
-2.209,-2.7787
-0.10669,-6.3424
-0.12216,-1.988
2.4918,-2.3865
1.5988,-5.2343
1.9842,-5.9226
-0.50839,-7.6079
0.094157,-7.4981
2.1851,-9.9952
-0.73352,-0.75576
-5.6808,-3.6664
-0.48737,-5.0449
-3.825,-11.141
-1.2254,-2.2741
-2.4466,-6.4475
-3.0756,-4.9784
2.3991,-2.6796
-2.151,-3.7452
-1.0007,-1.5067
-0.78252,-10.622
-5.2893,-13.317
2.5038,-8.2892
-1.4419,-5.2356
1.4032,-9.1827
-0.18557,-7.281
2.3874,-6.8606
-3.2247,-3.8751
-6.1569,-7.5047
-2.5423,-6.8123
-2.9174,-5.5341
-4.6438,-4.661
2.4223,-8.6068
1.8146,-7.7059
1.471,-8.9154
-6.4503,-10.385
-6.2037,-4.5137
3.6726,-6.2559
-0.7565,-4.3268
0.57082,-5.4319
-2.0284,-0.73679
-6.144,-7.8935
-1.1678,-6.7128
-1.7978,-1.5948
7.0455,-2.8238
-4.4642,-13.101
-2.1501,-3.2163
-3.8994,-1.2582
4.9501,-5.4871
1.1205,-6.7939
-4.6521,-5.0015
-0.035174,-9.4126
-4.8662,-4.4667
-1.9576,-9.9649
8.1138,-6.5977
0.014627,-3.8189
-4.2308,-4.6002
-0.29277,-13.035
-3.0191,-6.4426
-4.0659,-7.856
-3.7886,-7.2969
-0.651,-6.6106
1.3248,-8.119
-1.2171,-7.0497
-4.8791,-7.7589
-3.2841,-7.2621
4.3179,-3.6061
-2.9678,-6.1249
-2.3647,-7.8449
2.7673,-6.9261
-4.985,-4.0826
1.1157,-3.9993
-2.3109,-3.9742
-3.1739,-4.1796
1.8931,-7.2643
-0.57789,-2.8238
-0.0095778,-13.022
0.0093869,-7.1219
-0.35011,-5.4599
-3.5657,-2.9305
-4.4756,-6.5225
0.57114,-6.2941
-2.6312,-4.5725
4.027,-1.1996
-1.889,-7.9541
0.14288,-6.2216
4.6325,-4.8605
-1.139,-4.4325
0.069368,-5.3299
-1.5766,-3.9202
3.5935,-9.7074
-0.23288,-6.5155
2.4932,-7.502
-2.0758,-3.1435
-5.838,-5.4428
-1.0914,-9.8448
2.6079,-4.4174
1.2657,-5.6814
-1.6727,-4.4709
-1.0089,-7.9294
-3.7941,-8.873
1.109,-3.9539
-3.4351,-5.8596
-0.0034072,-7.0835
-4.3981,-9.6275
-0.73442,-8.7511
3.7392,-3.0623
-0.63688,-5.9362
0.22604,-6.8643
-1.8157,-9.5267
-4.7803,-3.7992
2.8651,-9.7013
3.4738,-5.4276
0.040574,-7.9741
0.15201,-6.0222
-0.020949,-7.8306
-5.1773,-10.631
-0.60139,-8.8527
1.1832,-9.2331
-4.696,1.7263
2.2957,-3.3101
-3.6095,-8.469
-1.3063,-1.394
-3.601,-0.59265
-1.9844,-7.4755
1.8903,-8.3317
-3.7123,-13.582
0.2812,-6.8931
-1.5971,-7.7293
-0.35663,-0.96863
-2.257,-8.4381
2.6496,-3.2436
3.5684,-11.103
-0.81337,-7.3833
-6.7905,-7.3257
-0.81308,-5.2836
3.1251,-6.2389
-0.52675,-11.435
-2.0894,-7.3463
-1.3033,-5.541
-10.002,-10.544
-1.6611,-9.2317
-2.3939,-2.8547
-2.1697,-4.451
-1.1894,-2.7511
-5.1567,-8.0116
-5.7566,-12.162
0.77817,-6.7648
-3.0816,-7.0183
-2.4621,-5.005
1.1257,-2.9079
-1.9565,-3.8262
1.1022,-2.3063
-0.29335,-5.6597
-1.9202,-5.9053
-1.3436,-4.2469
-3.9685,-3.2557
0.86078,-6.8865
2.0493,-3.4749
1.0855,-8.1551
0.12146,-7.053
-3.1006,-5.0227
-5.9648,-5.7379
-2.5379,-13.358
2.7304,-1.5039
0.85811,-3.4355
-2.2986,-3.8322
-3.9079,-6.0618
-4.1461,-5.7033
-3.7131,-9.1998
-1.7625,-5.2354
-2.1705,-4.4574
-3.4325,-4.454
-4.3137,-8.1516
-1.2083,-6.102
-0.36411,-5.6618
-1.5373,-6.3326
-6.5323,-12.13
-5.9411,-4.2014
0.23642,-4.8357
-2.097,-4.5457
-4.3624,-7.4826
6.1949,-3.7
2.2928,-7.1343
0.88376,-8.9222
-1.0501,-8.8025
-1.4273,-2.1883
5.2965,-7.9012
-3.7855,-8.2998
1.4992,-3.5528
0.57342,-9.6773
0.82653,-6.7877
-1.2605,-6.8326
4.4101,-8.4136
2.2788,-3.1069
-5.5783,-5.4696
-0.050149,-3.6913
0.74212,-8.5033
-1.5217,-7.12
-0.43383,-3.3614
2.9127,-10.416
-0.32736,-6.8125
4.1006,-6.0994
-3.7145,-4.4046
-2.3825,-4.9444
-1.791,-9.4342
0.41877,-11.437
0.23875,-4.8611
1.8161,-7.3323
0.81039,-5.557
-0.030313,-2.7572
1.0994,-6.1697
3.0214,-5.4781
1.4378,-2.4486
-5.8986,-3.219
-3.6302,-4.0402
-6.7827,-8.4801
4.6565,-6.4589
-2.0098,-7.6282
-1.2509,-4.7578
-6.3266,-3.7499
-3.32,-9.9573
1.8419,-6.8293
-4.2307,-5.2695
4.2465,-5.0969
-5.4585,-5.795
-4.7214,-11.174
0.28981,-6.9079
-5.5648,-3.7259
-8.4157,-0.11175
0.4989,-3.7502
-4.5976,-10.67
-2.5127,-4.8012
-2.4566,-2.9168
2.7167,-4.348
-0.54088,-8.8483
-0.83026,-7.6014
-0.45108,-4.9339
-7.1591,-2.0465
-2.8384,-6.2343
-0.80528,-6.0366
-2.1348,-2.5725
-3.1066,-2.5635
-0.65592,-4.9202
-8.5769,-9.4619
-7.2935,-7.5598
-1.6991,-4.1178
-6.3309,-3.131
-2.8486,-4.3875
-2.5025,-7.3158
-2.0316,-5.2638
-0.1597,-10.093
-0.78763,-3.5343
1.4086,-7.7282
-1.4827,-0.71337
2.2597,-7.2844
1.4539,-7.0689
-0.35074,-7.3362
4.8132,0.0078769
-1.2964,-4.5447
0.48217,-10.626
-0.65356,-9.8914
2.9544,-2.7251
-4.8944,-5.2081
-3.6979,-4.0016
-1.9374,-9.5303
-1.3973,-8.0574
-1.5589,-4.9962
-2.4782,-11.27
-3.5609,-5.973
-5.5822,-4.6562
-5.8664,-8.952
1.3406,-7.0085
-7.279,-2.5249
-0.07902,-1.6371
-0.79579,-9.1396
0.38712,-4.8522
-4.2187,-5.5632
-0.27981,-9.2989
-0.97837,-3.1963
1.47,-7.57
-2.8148,-4.1445
4.5819,-9.7286
2.2106,-6.0647
-0.43932,-3.9327
-0.91491,-4.5457
-3.84,-7.4937
0.82398,-4.3808
0.63743,-8.2339
1.5554,-9.354
-1.0537,-5.0558
1.7228,-3.7871
-2.8249,-4.7373
-5.6859,-8.9017
-4.0571,-4.2113
3.4375,-5.5432
0.93804,-5.9131
-4.7454,-6.8663
-1.74,-6.776
0.013448,-2.9851
-1.8053,-7.6163
3.7219,-8.2704
-1.1498,-5.4826
-1.9571,-4.4815
-2.6757,-6.5428
-2.3174,-1.2139
-1.3466,-3.2674
-7.1316,-2.4637
1.5966,-2.5526
-1.5025,-6.7614
3.9331,-14.308
2.4004,-2.2276
-4.4902,-7.5332
0.68587,-0.13201
-4.214,-5.1409
-4.1147,-9.3555
-2.0799,-9.9426
-5.3977,-7.6591
-4.4215,-6.429
-0.55461,-4.472
-4.8902,-8.7846
-5.761,-1.7739
3.2529,-3.2729
2.1177,-7.1749
2.4026,-12.261
0.58331,-6.216
-1.2122,-5.2089
2.9615,-3.5625
4.0106,-7.5747
-2.5513,-8.3587
5.0913,-3.926
-5.9974,-3.3006
-5.7842,-7.3658
-2.7545,-4.6091
-2.5667,-6.3917
0.53107,-5.7113
1.1483,-5.842
-3.1306,-8.7242
1.8534,-8.8546
1.0939,-5.581
-5.3614,-4.8249
0.75649,-9.7184
2.2317,-4.1466
-4.0548,-8.5642
-2.66,-2.4918
1.9961,-6.6847
5.5874,-7.7149
-2.0409,-3.1866
-1.9726,-6.6165
0.58813,-5.8966
-1.7725,-11.604
-3.581,-10.437
-4.7469,-4.6735
-5.9775,-8.3495
4.6247,-5.2899
0.23744,-4.7044
-0.054771,-11.503
0.012238,-3.8325
-3.387,-4.2303
0.60383,-7.4367
2.5758,-3.5806
-5.885,-9.5203
0.088125,-2.0963
-0.50392,-6.6115
-0.096464,-11.727
-1.0322,-10.217
0.18941,-7.8484
-4.314,-4.892
0.4984,-9.5686
-0.41645,-7.0838
-2.0706,-3.6267
0.46564,-7.8391
-2.5928,-8.4784
-2.4218,-2.4987
0.3598,-7.5545
-2.3043,-5.4138
-5.6512,-5.2
-5.8117,-5.1216
-3.3605,-7.2021
4.6036,-7.434
5.8917,-8.9001
-1.2006,-1.0744
-5.6657,-6.2776
-0.98493,-9.542
1.0699,-2.5524
6.72,-4.2141
4.1772,-9.0796
-2.2024,-10.865
-4.5936,-4.7457
-2.4794,-5.1419
-4.3977,-5.3537
2.9879,-12.482
-2.2708,-4.3492
-1.5352,-4.5781
-3.624,-2.4532
0.97882,-5.1822
-3.7689,-8.584
1.1789,-8.6395
-3.9929,-10.264
-0.16401,-1.2145
-2.4523,-7.2848
1.2171,-8.4085
-3.1901,-10.739
-3.1698,-2.229
-4.0098,-3.3972
-1.3879,-7.9994
-2.4977,-3.133
-2.6639,-7.763
1.8005,-7.6807
2.8803,-7.1832
-2.0533,-9.9219
4.7382,-8.6458
1.5426,-6.0196
4.1898,-7.1113
-4.0201,-6.782
-2.5129,-4.7134
1.8082,-3.8633
1.0033,-4.7737
3.0443,-8.7065
0.024367,-3.4676
0.089799,-4.2386
-1.9576,-5.2722
-2.6465,0.56129
0.93451,1.6562
-0.43809,-1.7026
-1.1086,-9.3929
0.50425,-4.4797
-3.256,-3.1726
-4.0225,-3.3514
0.98506,-6.2933
-0.14506,1.5145
-6.2763,-8.5626
-3.2369,-6.749
-7.0032,-9.2105
1.0544,-8.0538
0.39951,-7.1045
-0.54109,-7.2013
0.45342,-3.0499
-3.0024,-6.1793
-2.4261,-5.7377
-0.85232,-5.9958
2.2137,-1.6467
0.64755,-2.5943
-1.1643,-9.2281
2.3653,-4.3954
-1.1388,-3.6088
-2.7766,-7.4437
1.7223,-9.3616
-0.054289,-6.3121
-4.2991,-6.6291
-4.279,-6.1837
-3.195,-6.2902
1.7118,-7.2545
0.80692,-11.095
-0.83334,-8.59
-1.5362,-7.3041
-0.42155,-8.0705
3.0513,-10.561
1.2592,-6.7219
-2.6092,1.8276
-1.5524,-4.7937
0.60528,-8.5462
-2.1355,-7.1181
2.3759,-3.6451
0.055186,-4.4945
3.3039,-3.4921
-1.7159,0.049482
-2.2106,-9.7025
4.9966,-5.5743
-5.7247,-7.7206
-3.2509,-6.9123
1.507,-7.8796
2.8963,-7.8903
-4.5159,-7.6192
1.4524,-12.858
1.4147,-7.3789
2.9893,-9.1865
1.3187,-5.6604
0.07148,-5.4572
-3.4226,-4.496
2.9109,-5.9233
1.2157,-7.2867
-3.7798,-6.2584
0.93125,-7.6586
-3.2172,-4.2766
-4.9697,-2.5318
-2.3098,-8.2772
-0.84929,-6.3001
2.5501,-7.5689
-1.6607,-6.6868
-0.63384,-6.9154
0.046222,-1.0409
-4.5042,-3.1017
-1.8861,-8.4519
-1.9983,-2.23
-3.1659,-4.3319
-4.579,-8.8943
-4.3215,-2.7801
-2.0133,-11.395
-2.9545,-5.3215
3.3799,-0.68388
-3.1469,-10.001
-0.92175,-8.3472
-2.1205,-9.5872
3.7615,-5.1974
3.3318,-11.093
-2.6818,-6.2674
1.1635,-10.483
-2.9335,-5.9871
1.7494,-6.0421
5.49,-5.0421
-2.0598,-5.5582
-3.3462,-10.234
-4.6243,-4.4513
2.424,-3.392
0.70902,-5.9785
1.5309,-0.91148
-1.6997,-9.4145
-3.706,-1.0474
-2.7666,-5.6988
-2.8568,-9.753
-3.6571,-6.215
-0.95981,-7.9738
-1.8476,-5.6014
2.3047,-1.8854
-2.4819,-6.6134
1.4075,-12.94
-4.0239,-4.2196
4.7662,-7.2055
-0.49561,-5.1924
-1.0786,-6.0221
-2.214,-3.8469
-2.6105,-3.5972
-2.4572,-6.7757
-2.0607,-5.8389
2.8735,-5.7337
0.6058,-5.9541
-0.97518,-3.2338
-4.0201,-4.1242
-6.0918,-7.5497
4.4487,-6.3086
-1.4357,-5.887
-1.4189,-7.7571
-4.3956,-3.7432
0.83786,-9.6428
-3.7184,-6.0731
1.6533,-8.611
-8.0803,-5.5988
0.26267,-6.5662
-0.44964,-9.6083
0.50242,-5.7163
-1.9906,-7.8068
-8.2407,-5.5224
-3.8885,-3.545
7.1451,-2.8637
1.9354,-5.8924
-3.3983,-5.6137
0.45196,-4.9967
0.39571,-5.4273
-8.402,-1.4706
-1.9587,-5.775
-7.0874,-0.74807
2.4861,-6.2056
1.8474,-6.9441
3.457,-10.266
5.1321,-4.1288
-0.75992,-6.2453
-2.5832,-4.361
-0.11185,-8.4582
-0.34005,-1.1774
-1.4993,-3.4694
-1.5426,-4.8371
-4.0619,-7.1681
-0.86284,-4.7541
-5.0508,-6.5206
-0.20773,-2.217
0.8562,-9.6613
1.0105,-6.1621
1.6977,-1.7535
0.58716,0.27268
1.6414,-5.5257
-1.0388,-4.6332
-2.1498,-5.3355
3.1874,-9.7942
-6.534,-8.1977
-4.3268,-5.8054
-3.3902,-7.6187
0.76,-5.9558
-5.1094,-4.0188
-1.1326,-3.4167
0.50534,-9.9684
-2.0034,-7.3898
1.027,-6.8222
0.90986,-1.958
6.1601,-4.9061
-5.2275,-9.0154
-2.6068,-7.787
1.9389,-8.1949
-1.4518,-7.1809
-1.7665,-3.1881
-3.1176,-5.5198
2.5016,-7.5141
1.3175,-4.0787
1.6207,-4.0829
-0.40108,-13.138
-6.3656,-6.6826
5.3827,0.72922
-3.3947,-4.8238
0.67629,-8.4639
3.7802,-6.9897
-0.54996,-2.8134
-1.3457,-7.0726
1.1406,-4.2107
-2.0281,-6.3711
-3.1672,-6.0454
-7.6717,-6.9018
-1.6268,-7.0562
-0.54116,-6.2975
3.5372,-3.7274
1.0826,-2.9954
2.1224,-8.1978
-1.646,-6.3044
3.1806,-7.26
1.7711,-8.5823
-2.04,-1.3551
-0.71562,-5.5065
-5.3639,-6.2668
-3.5903,0.075013
0.073424,-5.1521
-3.4351,-6.0433
-1.6086,-6.6105
2.6911,-6.7556
-3.0858,-9.199
-1.34,-5.2404
-4.2287,-0.46486
1.2036,-13.344
0.66392,-2.8041
-5.5067,-3.5061
-3.5866,-2.0539
-2.6647,-4.8228
-8.9444,-5.3436
-4.8047,-3.2969
-3.3618,-8.358
0.65301,-15.098
-1.6854,-5.5847
-4.4105,-7.4556
-1.7797,-2.4497
1.2294,-11.25
-1.395,-9.6017
-4.956,-6.0908
8.0214,-5.0792
-0.25973,-3.5167
3.5511,-4.6179
7.078,-3.285
2.7336,-5.837
-1.3387,-6.072
-7.1486,-3.5622
-5.6063,-6.8949
-2.4034,-11.509
-0.55267,-0.15594
4.4641,-3.1667
6.1946,-5.1932
1.5737,-7.098
-4.7593,-5.2415
-1.5893,-2.9813
5.7018,-2.6138
-0.93117,-2.7698
-1.1925,-8.8637
-3.9558,-4.1493
0.027185,-7.5268
-2.631,-7.9888
0.30559,-11.501
2.4102,-4.1124
4.2972,-2.1939
-1.0502,-12.554
6.3826,-9.4871
4.4239,-0.23488
-3.5393,-7.4063
4.0017,-2.2051
0.46199,-7.8206
-3.7554,-2.4487
2.8116,-7.7384
1.8476,-4.3181
0.77254,-9.2533
-0.68356,-9.3489
-4.2245,-3.3912
6.2236,-6.498
2.8826,-5.497
4.1044,-4.3382
0.47257,-0.18327
-2.2232,-8.5448
2.573,-10.269
-5.1404,-8.0935
0.37533,-2.0242
-3.1681,-9.2842
-0.90849,-5.6883
0.99895,-3.1405
1.7982,0.83899
-2.0557,-4.9646
-1.8901,-7.8609
-8.5454,-5.1165
-5.4222,-5.3952
5.2098,0.035486
0.069152,-10.692
0.6661,-1.6417
-4.8088,-1.7124
-2.2202,-2.7368
-7.0613,-4.9993
-5.8063,-2.9284
-5.62,-11.513
-6.7315,-8.0291
-5.192,-2.6889
-4.7529,-2.0056
-3.3837,-8.9018
2.6781,-3.7461
4.9982,-7.6912
-3.3759,-10.843
-0.12232,-1.0227
-1.496,-7.1513
-4.5392,-3.4942
-4.0774,-11.466
-6.6478,-5.5865
1.629,0.40393
-1.093,-5.5768
2.2264,-2.3244
-3.2508,-7.9499
-2.2234,-3.0494
0.59612,-7.0047
-1.0574,-3.7797
3.3174,-6.3201
-3.6105,-4.8768
3.4632,-4.1708
-1.9986,-8.3423
-1.436,-5.5701
-2.354,-7.7209
-2.6222,-3.2185
4.0465,-5.7688
-3.4053,-5.1539
2.8519,-3.6758
-1.4211,-3.5561
-1.2062,-4.73
-0.5587,-3.7541
-1.2216,-8.2853
-4.9829,0.18725
-3.9975,-0.84054
0.30507,1.4591
-1.8418,-10.829
-0.44897,-5.26
1.028,-6.969
-0.55504,-8.2757
-2.3042,-1.6561
-1.2501,-4.9828
3.0854,-12.131
1.0234,-3.8717
1.4096,-9.0909
1.715,-1.3943
1.868,-9.8841
-3.3061,-5.0361
6.474,-6.3528
-1.4616,-6.6104
-0.87562,-4.2384
-5.5147,-8.8225
2.255,-5.7654
0.71615,-0.060074
-0.42421,-3.9096
0.85498,-7.6342
1.5973,-7.1068
0.075571,-3.022
-8.5876,-6.5096
-1.3229,-1.4319
-1.4979,-3.7593
0.30611,-6.8904
-1.9022,-3.0824
-0.56622,-10.496
-0.71021,-1.8519
-1.5241,-6.9707
1.0253,-4.8844
-0.74518,-7.6694
1.6325,-5.1192
-2.7841,-0.64398
3.7689,-7.3276
-3.5578,-5.2474
-1.8657,-8.3358
-5.4518,-6.4845
-2.9405,-5.3603
2.7955,-5.7089
0.41968,-2.3188
-3.8676,-2.128
0.51813,-3.1934
-3.1606,-6.186
-7.3309,-6.5026
-2.6242,-1.6544
4.9676,-8.3343
-0.35376,-4.8297
-6.9457,-7.3574
1.1352,-2.9573
4.8826,-4.5809
-1.125,-6.3638
-1.4502,-2.5237
0.81873,-3.0633
-3.4959,-5.2106
-0.071475,-12.423
6.6659,-8.2451
-3.639,-9.4946
-0.77544,-6.1426
0.25458,-8.1457
0.34229,-13.196
1.6338,-7.0932
-1.6235,-10.675
-3.2437,-6.9316
-1.1896,-5.5781
-6.8111,-0.92264
-1.657,-10.025
5.6956,-6.4689
-2.693,-1.9137
0.11267,-6.5901
0.55294,-1.7518
0.22397,-6.0101
-0.76366,-9.0272
-2.9444,-7.6357
0.098494,-2.6656
-0.23434,-7.3327
-0.47538,-1.6055
0.86977,-7.8388
-1.5104,-7.0671
-4.5774,-5.5347
-3.3109,-3.4338
1.1395,-2.5522
2.1513,-7.3921
-2.9071,-1.7051
-5.0502,-7.5371
-4.099,-2.6402
2.0937,-7.5018
1.8113,-6.4375
1.4094,-12.627
1.9791,-5.5052
-1.0873,-6.9842
-0.51607,-4.214
1.2023,-2.2281
1.825,-5.1078
6.8111,-7.2407
-3.9496,-1.5124
-0.65589,-10.828
0.34702,-7.6897
-4.5434,-2.5739
-5.5441,-8.2703
-0.5009,-3.4673
-3.1606,-8.6491
-1.0002,-6.6871
-3.9217,-7.9055
-1.2987,-8.1798
-0.68968,-7.4059
-7.7966,-3.7655
1.3243,-11.198
-7.1761,-5.3288
-0.21763,-10.283
-0.93342,-6.915
-0.2896,-6.2763
3.6717,-2.3569
-5.7225,-9.3297
-3.1065,-6.784
-3.337,-2.6619
3.7542,-9.5882
3.0344,-11.454
1.1695,-4.3681
-5.7739,-7.3898
-2.4117,-0.97011
0.6114,-9.0677
0.081251,-5.9053
-2.9911,-4.8954
3.6241,-6.0069
-2.7689,-6.4748
0.18785,-9.2696
5.1335,-7.6622
4.3182,-3.8969
-1.6015,-2.7136
1.317,-5.5617
4.16,-4.9083
-3.9163,-4.327
1.9568,0.040779
4.7266,-7.7457
2.095,-6.2637
2.7975,-9.6521
-0.99561,-8.7257
-4.9402,-5.582
-3.2278,-4.5377
3.7537,-4.3648
-0.77884,-4.6669
1.5394,-8.8779
-4.1135,-4.1652
-6.4443,-7.4824
-7.2912,-6.9338
-0.14344,-12.846
-7.537,-9.1709
3.3657,-11.547
2.4968,-7.0541
-0.076146,-8.7989
2.1413,-7.3592
-1.3207,-5.2075
-6.5072,-10.17
-1.3784,-3.7631
-3.0341,-3.248
2.7951,-6.5329
0.044429,-6.592
0.24047,-6.5144
-2.1235,-4.1973
-3.6828,-5.7426
-0.15894,-8.2588
-2.3148,-8.3903
3.1776,-7.4678
-2.1021,-7.7989
-3.3863,-7.3259
-1.6552,-5.5552
2.246,-7.8238
-2.701,-3.4191
-1.2865,-6.9006
-5.4339,-4.8644
-0.63368,-7.2377
-2.1493,-3.9818
-2.3468,-9.8456
-0.56634,-10.597
-0.91882,-8.2051
-1.0076,0.73395
8.022,-0.98287
2.1402,-3.8367
4.0692,-6.5633
3.9996,-7.4195
-1.8625,-6.749
-2.461,-5.2568
-6.0075,-1.4995
-3.9258,-4.0127
-1.8574,-1.6977
-1.2766,-9.5002
-0.024167,-12.635
-0.53864,-7.074
-4.5802,-9.736
-1.991,-5.2745
4.2149,-10.11
-1.9083,-4.6915
-3.7704,-7.4871
-1.7667,-5.0597
0.010379,-6.4985
-2.1675,-1.8305
-2.2874,-9.3113
-2.0361,-6.9746
2.5843,-10.362
1.5343,-10.923
-3.2643,-2.056
-3.2517,-7.0115
-6.2533,-5.7848
2.4026,-7.912
-1.3245,-5.0802
-1.731,-6.5764
-0.45938,-5.5632
-4.9248,-8.7669
-3.7819,-7.0174
-0.44578,-1.5177
-1.9703,-3.7494
-7.2089,-5.4145
-3.3307,-8.5982
-0.2012,-5.2848
2.2328,-12.378
-0.73293,-3.0394
-0.56207,-6.842
-2.4494,-5.8826
-0.36624,0.39026
0.63711,-4.2814
-3.7259,-2.5844
2.1791,-3.0616
-6.0171,-7.0486
-1.1384,-6.1765
-1.6986,-5.866
3.9739,-7.0993
-1.9453,-6.6946
8.7584,-11.621
-1.8256,-5.8204
-3.1647,-6.458
6.0378,-10.846
-1.0559,-7.7124
-1.7742,-10.015
-0.55978,-5.4696
-4.0281,-9.1579
-5.4117,-4.7566
-2.9476,-6.4715
-0.78835,-4.5043
2.453,-3.8143
2.6644,-9.3087
0.4576,-6.5044
2.6253,-11.098
6.9347,-8.6339
0.97158,-5.9665
1.9164,-7.7364
-1.9102,-3.4392
2.6284,-9.6746
-4.4093,-8.0015
-2.0004,-1.3975
-3.5979,-3.6722
-2.6895,-11.728
5.0283,-6.2229
-1.6192,-5.7078
-2.2892,-9.538
2.1312,-0.25716
-1.9542,-8.0723
-0.027901,-3.6883
0.67382,-2.9327
-3.6238,-4.427
-2.0724,-5.4602
4.8204,-4.3001
-0.58423,-9.0461
1.75,-9.0691
2.867,-6.964
0.74951,-12.864
-0.61904,-7.1917
2.8879,1.3111
-4.8172,-4.9673
2.6625,-5.1444
-7.3844,-6.614
-4.8325,-6.313
-2.297,-8.1718
-1.2591,-1.8759
-5.9461,-7.0987
1.3556,-5.0459
-1.2314,-8.702
-4.3251,-8.6546
-4.6139,-7.8251
-3.9148,-7.9849
-3.537,-10.477
-1.3839,-6.183
-1.1641,-10.379
-2.7776,-5.7543
-1.2568,-4.5123
-2.9648,-3.9083
-0.46407,-3.296
3.697,-0.75003
1.6118,-8.5128
-2.2411,-8.538
-0.5587,-2.5481
-1.4843,-1.7297
-2.2957,-7.3371
-1.9511,-8.0384
2.371,-7.5309
-2.6549,-10.364
-0.42285,-5.2455
0.8687,-4.0292
-4.1333,0.94866
-5.5683,-7.0977
1.3355,-6.4865
0.17004,-4.8876
-2.6188,-5.1523
2.4267,0.7983
-0.039483,-4.9833
-2.2352,0.072945
-2.3373,-3.3611
-2.5215,-1.556
-4.316,-8.9529
7.2789,-1.3838
-7.8879,-8.6534
-0.17199,-2.0229
-0.98286,-9.5023
-4.884,2.2431
-1.4417,-3.8994
0.18188,-5.2831
2.1108,-6.4947
-0.65818,-5.7975
0.76213,-5.6002
4.308,-5.6168
-1.3299,-4.9955
-2.7358,-9.1833
-5.3296,-7.2484
1.5728,-4.6345
-2.5422,-5.8554
3.3096,-7.1802
-0.78133,-3.8756
-1.4073,-3.2829
-2.7059,-6.9918
-2.5607,-8.9814
-4.8217,-2.8109
0.81602,-6.7674
-2.2714,-7.7973
0.93552,-0.71483
-6.1166,-2.7619
0.04268,-8.7238
-3.7668,-0.78845
-5.7342,-11.045
-1.7112,-4.2362
0.86318,-2.8483
2.1225,-6.7352
2.7308,-10.835
-2.1449,-7.9344
-3.9023,-7.6699
8.1761,-4.0605
-2.6623,-6.1281
-3.1312,-5.9426
0.43546,-3.109
-4.2482,-7.9465
-3.0154,-8.4434
-5.6141,-6.8406
-1.6031,-10.02
-4.4012,-9.5398
0.17446,-6.7141
-0.43046,-8.2979
-3.1711,-8.5774
-2.1589,-7.1555
-2.7248,-2.163
-0.49038,-2.2554
-2.9788,-5.2848
-0.18119,-5.3552
-3.5606,-8.2898
0.77068,-9.074
-1.4988,-8.0224
-7.1801,-2.6576
-0.4242,-3.1443
1.8519,-3.468
2.8149,-7.1261
-0.30828,-3.0292
3.4601,-5.8762
1.0861,-9.3501
5.3492,-2.7774
-0.19837,-8.0406
0.44601,-7.7824
0.31429,-7.7751
0.68103,-2.5108
1.507,-9.6912
2.2122,-5.0806
-3.9707,-5.4753
-4.899,-3.9379
3.0258,-4.2137
1.9124,-2.9507
-3.5494,-2.8353
-1.1482,-7.1495
4.5717,-2.7538
-4.4827,-5.6749
-0.0085101,-2.3121
-5.1711,-1.9335
-0.47805,-3.2759
-0.072756,-7.0207
-1.5485,-5.2391
1.8406,-5.7997
-1.4102,-5.3534
2.5767,-7.9369
2.3043,-5.7641
-1.8302,-6.0395
-0.2149,-1.9595
-0.36543,-5.3352
1.9143,-11.21
2.7505,-8.691
1.393,-5.2221
-0.9163,-9.5193
-3.6712,-6.9755
-4.8684,-2.6758
2.3152,-4.1589
5.0171,-7.1681
-0.18286,-3.7744
-1.2056,-7.7822
1.8217,-8.804
-6.0592,-3.8608
-1.7805,-3.015
-7.0161,-11.711
0.28927,-3.7826
-0.91188,-10.63
-0.0095459,-4.8544
-2.2877,-1.0298
-6.613,-5.3212
1.9945,-3.4203
-2.9682,-7.801
-0.45862,-8.8415
1.8651,-10.701
0.72637,-3.3478
-3.4884,-7.3961
-1.7814,-3.1329
-1.6496,-5.6982
1.9859,-9.428
2.875,-3.4656
-4.1963,-4.6191
-4.0583,-5.7641
-0.60585,-8.5317
-1.0036,-9.9908
-0.39342,-2.9548
-4.1576,-3.6792
-5.0357,0.4151
-1.2378,-2.6985
2.7249,-6.4333
0.90701,-10.718
-1.3564,-7.3029
-2.1537,-0.016228
-4.379,-4.6873
1.7115,-4.6848
1.5765,-0.96274
-1.4987,-8.6137
0.16826,-7.4419
-0.17809,-9.4711
1.7945,-2.3854
3.9452,-0.56767
-6.2996,-2.6514
-1.9253,-10.029
-1.2426,-3.7568
-4.8448,-7.3971
-1.8743,-5.3917
1.4487,-7.7107
-3.2817,-3.4251
-7.3277,-8.9397
-4.0699,-4.8203
-0.13417,-1.0446
-3.295,-9.0898
1.8538,-1.9117
-2.6799,-9.9538
-0.30318,-9.8706
-2.7958,-3.5485
0.9024,-7.2131
-5.9367,-0.8873
3.9431,-4.3242
-1.6584,-3.085
-1.4153,-8.8195
-5.2926,-7.9827
-1.0049,0.28079
-1.2116,-4.1512
-4.6292,-10.509
0.79586,-10.514
5.0584,-11.105
2.5847,-6.7653
-1.1895,1.9539
0.67923,-11.507
-0.355,-5.5799
0.26612,-0.24766
-7.2149,-3.0745
-3.7289,0.5657
-1.8558,-11.244
0.90905,-6.2298
0.0987,-8.0162
-1.3073,-7.5889
-7.5017,-2.1281
-5.2908,-7.7757
3.0308,-5.1443
-0.58586,-2.3905
-0.9475,-4.4204
-2.0155,-1.7605
7.746,-7.8691
-3.0608,-3.2492
-1.4271,-10.535
0.61629,-4.4533
2.9847,-4.7511
-1.3931,-7.201
1.9104,-4.1713
1.9957,-13.108
-0.21145,-0.50413
-4.955,-8.8133
1.4194,-4.7111
-0.68697,-4.1627
3.6701,-10.891
-3.5254,-7.4204
-1.0105,-10.943
-2.5152,-3.6657
-6.5354,-5.7649
-4.1576,-2.3592
-6.8885,-8.9734
4.0906,-3.3167
-0.27207,-5.2486
0.80809,-6.4618
-0.37968,-2.646
2.3698,-10.568
3.5593,-7.667
-2.2184,-7.2173
-3.8985,-8.674
2.3265,-7.4912
5.7598,0.82293
-1.6597,-4.3102
-3.2832,-5.1985
0.0034453,-5.4191
-3.8323,-6.7879
-3.3396,-5.6755
1.0353,-3.9378
-1.6599,-6.3948
0.58594,-10.444
-2.5114,-4.1114
0.76226,-10.373
0.032151,-5.2209
0.55866,-3.8249
2.5316,-7.4268
1.6256,-4.5874
-5.6321,-0.78856
4.4865,-5.6634
-4.736,-6.3773
-6.304,-2.2773
1.8775,-7.809
-3.348,-1.0153
-6.6981,-0.30305
-1.1298,-5.3306
4.5305,-4.174
1.6933,-9.0061
1.085,-6.2476
-4.2116,-0.78032
-3.4238,-5.0972
1.7738,-6.4395
2.9877,-0.40744
2.3484,-7.2874
0.67317,-6.1844
-4.0672,-6.0646
-1.5562,-1.4083
2.7039,-3.8665
3.248,-7.2945
0.21328,-3.7544
-0.65802,-7.5
0.054236,-0.39025
-2.4055,-12.735
1.5983,-4.74
-0.29309,-2.6661
0.44594,-5.8976
-1.4163,-9.5611
-0.0091176,-3.1944
-2.8292,-7.5567
3.8744,-3.7708
-1.8063,-6.7743
1.1584,-4.2083
-6.8301,-6.5586
2.0252,-3.3089
-2.069,-7.8151
0.90008,1.1616
-2.2479,-2.1592
1.0868,-3.6832
-2.5688,-7.9375
-2.2606,-3.668
-3.8704,-6.9746
-5.4859,-0.74596
0.30844,-3.7648
2.359,-1.825
-0.49505,-6.5302
-2.9505,-7.4299
-4.4206,-5.2185
-3.9136,-7.3022
4.3762,-8.1388
-0.67471,-2.0213
-4.2261,-9.0044
-4.3436,-5.2881
-3.2171,-1.0653
-1.6311,-9.4118
5.1291,-2.5105
-0.84701,-6.2758
-4.7252,-8.8067
-3.1625,-9.5529
-3.9443,-4.1738
3.0846,2.8038
5.1065,-3.7713
3.6913,-7.2364
-2.0065,0.28256
2.6833,-8.1104
-1.1054,-6.9824
-1.3636,-3.2398
-4.2379,-12.497
-1.7163,-9.1239
-3.3188,-5.4834
-1.6703,-4.7311
-2.8872,-8.9003
-1.9809,-5.3495
-5.7263,-5.5709
0.62461,-5.8828
-4.8155,-3.2958
0.040472,-7.0263
-2.8457,-4.9027
-3.5146,-7.6664
-6.5444,-9.2751
-1.8914,-4.8093
1.7699,-17.747
4.0602,-7.4053
0.64186,-7.8081
-4.7931,-4.7643
-1.6288,-5.024
2.3294,-2.7344
0.53497,-7.6125
-2.8464,-5.788
-0.29128,-7.2008
1.7269,-0.78449
-2.1344,-6.3942
-3.2274,-8.7128
-3.4002,-1.103
0.56785,-11.373
0.5014,-7.9408
-2.4441,-8.8247
-5.5274,-7.9577
-0.65901,-7.7965
-1.7934,-1.7228
-0.74552,-5.1514
3.2762,1.7922
-0.081416,-7.5492
-3.4887,-6.232
5.4409,-6.1279
-3.0116,-2.3407
-2.4713,-5.3238
0.66277,-6.1692
-5.1001,-6.4756
-0.57903,-1.9895
-1.1186,-4.678
5.1882,-6.8293
2.755,-5.6561
0.18717,0.67008
-4.2612,-1.4385
0.56187,-7.1455
-2.0698,-6.8469
-2.5788,-4.458
-6.5785,-8.7082
-7.8717,-6.7444
0.041218,-9.3095
0.35093,-11.622
-2.1341,-7.2725
0.90465,-6.3574
-0.049812,-4.4204
-5.1597,-6.2903
-4.6855,-11.244
2.5318,-4.1573
0.37444,-8.2455
-1.9543,-9.7376
-4.1376,-2.0281
-0.22387,-4.591
-0.26329,-5.8444
-6.5563,-5.5015
1.829,-0.91358
-0.81668,-7.5561
0.003251,-7.7502
-4.9628,-10.908
3.9417,-2.7221
1.5078,-4.3946
-3.478,-4.6144
-1.6123,-9.0429
-2.8484,-7.128
0.24881,-5.3712
1.4216,-4.3649
0.10566,-7.1347
0.41947,-11.731
0.60748,-8.8702
-4.2416,-5.3086
1.1385,-6.5677
-3.6153,-1.3223
0.84609,-11.402
-4.2831,-10.357
2.2997,-5.1386
0.26053,-9.9496
1.3774,-2.6856
-3.0251,-4.081
1.3542,-6.6147
-3.2577,-9.932
-2.1193,-5.6301
-1.8121,-3.8876
0.53373,-4.9464
2.8392,-7.119
-1.7024,-6.5508
-1.6197,-2.2028
-0.074955,-2.9572
-3.0183,-4.3286
3.365,-10.015
2.1636,-13.828
1.8271,-8.6872
-2.3913,-8.8099
-5.7527,-7.3819
-3.5939,-7.8625
0.27686,-4.1426
-2.9133,-8.0391
-0.067348,-0.99318
-3.0241,-6.3597
-0.39471,-5.8275
-1.5597,-11.984
0.18133,-8.5962
-5.9999,-13.458
2.9519,-7.2492
-1.5953,-3.9244
0.15325,-1.8507
4.5775,-10.889
-0.96718,-12.263
2.439,-4.8483
-1.9837,-5.5814
2.0783,-8.9437
0.39578,-4.1561
-0.97396,-6.3823
-1.8529,-4.7991
0.6615,-7.2528
-3.8109,-8.5763
-3.7448,-3.1086
1.9415,-2.6916
0.9743,-1.6906
0.70263,-7.355
-2.1678,-7.4944
-0.96794,-4.9718
-5.3884,-7.7852
-4.9148,-4.8006
0.24349,-8.2038
-4.2193,-6.6119
-0.58986,-10.243
-5.6745,-11.778
-2.3393,-5.4813
-3.8161,-6.9195
0.66898,-8.3881
-0.9718,-6.308
-0.18296,-7.0878
-4.4381,-2.1101
-4.5649,-7.244
-4.7734,-2.2862
2.2125,-8.2764
0.80893,-8.6239
-0.43648,-11.604
-3.3667,-4.7871
-4.2272,-4.8975
1.9739,-1.2032
0.49028,0.95601
-4.2938,-1.9522
3.9457,-4.9941
-6.2922,-2.9224
-0.023532,-5.6872
1.0246,-6.3993
-0.53978,-7.7472
-3.8944,-3.8312
-0.24005,-5.035
-1.6355,-9.2784
-0.39411,-4.3176
-1.9451,-3.0878
0.54115,-6.0071
-2.5045,-5.6227
-4.8979,-4.7045
1.7288,-8.2898
1.9301,-8.2407
1.5174,-1.6653
-5.8069,-2.9683
0.32549,-2.3648
-4.2561,-7.9559
1.6793,-2.8394
1.8373,-3.1503
2.0428,-3.3685
4.4532,-6.7212
-5.2803,-5.6507
0.16094,0.3261
3.7342,-4.5165
-0.90447,-10.583
-0.9181,-6.5124
-3.1034,-11.886
2.3276,-3.8037
-0.20242,-8.4785
2.6354,-6.3011
-4.097,-4.6969
-3.4924,-5.089
-0.87362,-10.296
-0.41875,-8.0503
-3.8464,-9.0402
0.10872,-7.5662
-1.8345,-0.1231
2.8156,-5.1585
-0.83391,-10.428
-0.21026,-3.8995
-3.6847,-7.055
-6.025,-3.3283
-7.9738,-7.1263
5.0276,-5.8159
0.78647,-2.2481
3.4573,-5.0182
-1.4404,-1.9241
-5.6854,-6.5849
-4.4141,-6.4159
-4.5457,-4.7276
-8.2133,-7.2241
1.0563,-4.9192
-3.8545,-4.2908
-0.1088,-7.1291
-0.56485,-8.9743
-3.003,-7.311
2.807,-6.8762
-0.065583,-4.0535
-5.5933,-5.9217
-1.2619,-3.1364
-0.1103,-8.2596
-2.5059,-4.6452
0.0045141,-3.5208
2.8197,-4.303
0.33082,-8.2784
2.3105,-4.394
4.7638,-7.756
3.9891,-5.9802
0.053972,-7.5004
3.8917,-3.1406
-5.6087,-11.36
-0.88213,-5.4261
0.892,-6.4443
0.021212,-9.1697
-1.8154,-5.6256
-7.3202,-7.1611
-0.89046,-2.8432
-4.7495,-11.831
-2.8552,-5.2064
1.4936,-4.3862
-3.5501,-12.359
1.5292,-3.5124
-3.3047,-2.1586
4.8393,-3.7212
2.1436,-0.95412
-4.3429,-4.0806
1.2226,-12
5.8089,-9.1827
-8.9465,-1.9216
-2.4617,-6.8162
-4.8413,-9.28
0.0136,-12.359
1.6375,-9.6186
-0.41409,-8.1109
-0.97777,-4.2529
-0.0043174,-4.1423
-4.1918,-1.0224
-4.0358,-2.967
1.3294,-8.2894
-2.6203,-5.7113
3.5245,-4.8534
2.0441,-4.3716
-3.8778,-9.6534
0.11148,-8.2334
1.1782,-7.0841
-0.41684,-6.3261
-2.7657,-0.68653
2.1201,-4.8287
8.3259,-8.9996
-0.7879,-5.6706
0.56499,-5.9316
3.8511,-6.429
-2.3703,-1.7203
-3.5503,-0.077554
-0.52986,-5.5799
-7.5134,-5.1355
-3.5496,-9.6518
-3.714,-2.9145
2.0535,-8.5445
-2.5388,-5.2479
-3.7087,-5.1675
-2.5389,-6.4569
-2.668,-4.5443
2.6853,-5.7906
-2.0793,0.51998
-3.936,-1.469
1.1705,0.52872
0.19887,-3.049
1.3015,-5.6612
-2.7984,-5.4096
-5.0985,-5.3916
-0.18028,-3.2435
-1.1648,-6.9305
-1.1579,-5.0362
-2.4178,-8.4011
0.06363,-2.9372
-0.71791,-7.4799
-1.5476,-9.9848
-2.0755,-6.8377
-8.2888,-7.5834
2.6862,-8.5863
1.284,-7.7485
-1.1771,-4.0916
5.9376,-6.2166
2.6582,-10.731
-2.6025,-1.6536
-5.772,-5.3416
-4.2361,-3.705
-4.4618,-9.4075
0.57442,-6.4719
-0.75043,-2.547
3.405,-9.3749
-4.5736,-4.7159
-0.10035,-1.1161
-0.38982,-8.1323
-2.2252,-12.202
-4.7611,-12.062
2.1048,-6.2618
5.0904,-1.7974
1.6531,-7.0006
1.0134,-6.6496
-4.6252,-11.114
0.82805,-5.0049
3.5016,-5.5757
1.6279,-3.9543
-0.55193,-8.1235
-1.8654,-1.5769
0.7536,-6.4559
-4.0473,-11.04
-5.1765,-6.6238
-6.0794,-1.8137
-1.8858,-4.5456
-3.5335,-11.464
2.6082,-0.66548
-1.5067,-4.2925
1.4963,-5.7503
-7.6889,-6.0791
-2.8794,-6.6041
-3.8664,-6.7368
1.4048,-9.0379
0.48042,-2.5144
7.6671,-6.2854
4.9539,-2.9889
3.4197,-4.1273
-2.2344,-5.6473
-9.1404,-4.6811
0.76903,-8.695
-1.1989,-4.4261
-1.8554,-1.0063
4.0804,-2.3031
-10.159,-4.9847
-2.5086,-4.53
-7.2193,-6.0537
-4.8193,-8.9551
0.22026,-8.1182
2.005,-8.6511
-1.8944,-7.3926
-3.5041,-2.9729
3.948,-2.7928
0.39948,-1.8435
1.7916,-4.1664
2.33,-2.3552
3.0228,-11.779
6.7188,-5.7994
1.257,-13.887
1.1239,-2.3717
0.1074,-7.9861
0.79025,-2.9027
-1.06,-3.3511
-0.97421,-7.3417
-0.26572,-8.5762
-7.827,-6.9245
2.629,-6.6275
1.1,-5.5943
-0.059208,-6.8027
1.4662,-4.6659
-2.6377,-9.2567
-3.9004,-6.3666
0.80812,-7.0665
2.4614,-6.5181
0.72704,-7.9918
-1.893,-7.5865
-5.5782,-5.4847
1.7686,-5.0139
0.76694,-3.9633
3.0905,-6.5348
0.58834,-4.0364
-2.1427,-4.759
0.43731,-7.2761
-0.30706,-7.4305
-5.2667,-3.907
-2.1817,-12.897
-2.8855,-2.4786
-2.5353,-4.0338
-1.8117,-9.5722
-3.8023,0.11543
-0.26558,-6.2085
-0.0073326,-2.6553
-2.2675,2.7556
-2.2369,-8.1292
4.5865,-5.5471
3.2194,-15.018
-4.244,-9.1863
0.81909,-7.7086
-2.4328,-3.1134
-2.1383,-7.5909
-3.2472,-5.4787
-5.4553,-6.7331
2.5715,-3.8665
-6.7909,2.0356
-1.3687,-6.3079
-0.32273,-8.7206
-5.9758,-7.617
1.5331,-7.6033
-0.41396,-7.8637
-1.5436,0.37777
-2.5455,-5.9434
-1.8874,-5.6859
0.93153,-8.5651
-6.6476,-7.6457
0.38423,-3.7243
-5.296,-5.7415
-1.3209,-3.5522
2.3422,-5.7378
2.1148,-7.6842
-3.6726,-1.3981
-0.079235,-5.5833
-4.8344,2.0165
-1.2129,-2.6899
2.8138,-10.366
-6.5908,-9.3946
4.2289,-8.8866
1.1801,-7.1493
-4.9819,-5.9845
4.3401,-3.8022
0.94961,-1.5437
1.7073,-5.4062
-0.089072,-5.7638
-1.1325,-8.442
2.4919,-5.572
-4.4404,-5.1645
-6.1227,-4.7388
-1.5925,-1.743
-1.1376,-9.4413
-4.0031,-4.3395
-0.31936,-10.183
1.0955,-2.2259
1.8963,1.9222
2.9423,-3.0947
-1.497,-9.8401
-2.3994,-5.5581
-1.4225,-7.2104
-2.2435,-10.048
-1.2559,-8.7764
2.0541,-11.882
-1.2657,-7.941
-1.0081,-2.7093
-5.272,-4.8647
-3.7599,-13.429
4.8746,-2.5201
-2.3581,-3.3092
-7.7402,-9.653
-1.7343,-8.1413
-4.67,-4.9158
-3.21,-10.052
0.36839,-9.23
3.2095,-9.1115
2.5532,-4.476
-6.0942,-5.8306
4.2668,-7.9254
-5.9858,-9.5311
4.1623,-7.0394
-3.6744,-8.8367
-1.7579,-1.8331
7.0609,-11.9
0.87116,-7.8858
4.6326,-10.073
-0.19124,-2.0917
6.3376,-3.8926
-0.26461,-8.5354
-2.0241,-7.2696
-7.4038,-4.6245
2.9954,-5.2653
0.50084,-14.202
-1.7439,-11.984
4.1047,-7.5334
4.1736,-2.4652
-3.9712,-4.6824
-1.8875,-9.1114
-4.9292,-4.2305
1.8403,-8.0759
-1.8215,-9.541
0.050013,-5.727
-2.353,-7.2989
1.7905,-6.5224
-0.26598,-8.9371
0.13953,-5.9674
2.9729,-8.1836
-1.481,-9.25
-7.7988,-3.1296
1.7914,-6.0334
0.40638,-9.8027
0.55787,-1.9649
0.60927,-8.3578
1.4822,-5.7195
2.6587,-9.3679
-0.67645,-0.12388
-3.0675,-0.12368
2.8609,-6.057
-2.3144,-8.1584
-3.7108,-3.0417
1.6798,-4.9404
1.9678,-6.237
-2.4813,-1.1629
2.3255,-2.361
-0.058068,-5.4772
4.6953,-4.1766
-0.97016,-6.0489
-1.0725,-4.8327
-0.77504,-3.5783
5.6497,-2.532
-2.4396,-8.6172
-1.699,-5.6483
-0.029006,-3.972
0.48894,-9.9203
-4.2784,-6.3275
-2.5858,-7.9586
-5.8413,-6.8771
-3.3641,-5.2039
-1.4598,-8.1657
-2.6971,-3.5526
-7.585,-5.5294
-1.7168,-1.3528
-4.5207,-6.2242
-4.0732,-6.8229
-0.92706,-5.3213
-1.6744,-4.3104
-1.3087,-2.6155
-0.53046,-9.2536
-0.48155,-4.3495
-2.7434,-10.018
2.2553,-3.9019
4.9989,-9.4739
-4.8891,-6.0346
-4.6682,-1.3735
-1.5567,-5.5233
-7.4719,-8.0214
-2.7083,-7.7126
-7.8252,-5.7949
-3.8012,-4.4196
-4.9372,-8.2325
-0.20201,-4.695
-2.1484,-8.1249
0.034389,-5.9109
1.3908,-5.1931
1.7955,-6.9153
-4.5414,-6.1799
